,World,Afghanistan,Albania,Algeria,Andorra,Angola,Argentina,Armenia,Aruba,Australia,Austria,Azerbaijan,Bahamas,Bahrain,Bangladesh,Belarus,Belgium,Benin,Bermuda,Bolivia,Bosnia and Herzegovina,Botswana,Brazil,Brunei,Bulgaria,Burkina Faso,Burundi,Cambodia,Cameroon,Canada,Cape Verde,Cayman Islands,Central African Republic,Chad,Chile,China,Colombia,Comoros,Congo,Costa Rica,Cote d'Ivoire,Croatia,Cuba,Cyprus,Czech Republic,Democratic Republic of Congo,Denmark,Djibouti,Dominican Republic,Ecuador,Egypt,El Salvador,Equatorial Guinea,Eritrea,Estonia,Ethiopia,Faeroe Islands,Finland,France,Gabon,Georgia,Germany,Ghana,Gibraltar,Greece,Guam,Guatemala,Guernsey,Guinea,Guinea-Bissau,Guyana,Haiti,Honduras,Hungary,Iceland,India,Indonesia,International,Iran,Iraq,Ireland,Isle of Man,Israel,Italy,Jamaica,Japan,Jersey,Jordan,Kazakhstan,Kenya,Kosovo,Kuwait,Kyrgyzstan,Latvia,Lebanon,Liberia,Libya,Lithuania,Luxembourg,Macedonia,Madagascar,Malawi,Malaysia,Maldives,Mali,Malta,Mauritania,Mauritius,Mexico,Moldova,Monaco,Mongolia,Montenegro,Morocco,Mozambique,Myanmar,Namibia,Nepal,Netherlands,New Zealand,Nicaragua,Niger,Nigeria,Norway,Oman,Pakistan,Palestine,Panama,Paraguay,Peru,Philippines,Poland,Portugal,Puerto Rico,Qatar,Romania,Russia,Rwanda,San Marino,Sao Tome and Principe,Saudi Arabia,Senegal,Serbia,Sierra Leone,Singapore,Slovakia,Slovenia,Somalia,South Africa,South Korea,South Sudan,Spain,Sri Lanka,Sudan,Suriname,Swaziland,Sweden,Switzerland,Syria,Taiwan,Tajikistan,Tanzania,Thailand,Togo,Trinidad and Tobago,Tunisia,Turkey,Uganda,Ukraine,United Arab Emirates,United Kingdom,United States,United States Virgin Islands,Uruguay,Uzbekistan,Venezuela,Vietnam,Western Sahara,Yemen,Zambia,Zimbabwe
192,12173595,33795.0,3161.0,17714.0,854.0,396.0,85539.0,30135.0,105.0,9000,18576,22330.0,106.0,31339.0,174625.0,64367.0,62235,1309.0,150.0,43934.0,6028.0,327.0,1744253,141.0,6501.0,1008.0,191.0,141.0,15262.0,106593,1568.0,201.0,4141.0,873.0,304872.0,84931,131745.0,313.0,1896.0,6059.0,11687.0,3367.0,2405.0,1009.0,12895,7838.0,12908,4914.0,40125.0,64842.0,79085.0,8773.0,3069.0,215.0,2005.0,6983.0,188.0,7265.0,169969,5925.0,971.0,198019,23525.0,179.0,3646.0,311.0,25976.0,252.0,5719.0,1797.0,288.0,6525.0,26503.0,4216.0,1884,785584.0,69219.0,0.0,250373,69334.0,25534.0,335.0,34483.0,242173,756.0,20359,325.0,1169.0,54221.0,8697.0,4029.0,52524.0,9138.0,1145.0,1966.0,939.0,1237.0,1858.0,4685.0,7497.0,3739.0,1975.0,8677.0,2527.0,2365.0,673.0,5064.0,342.0,279857.0,18655.0,108.0,229.0,1007.0,14912.0,1093.0,319.0,634.0,16579.0,50701,1191.0,2957.0,1097.0,30633.0,8953,51218.0,243173.0,5861.0,42029.0,2588.0,315534.0,52303.0,36874.0,45104.0,9105.0,101977.0,30500.0,705628,1221.0,712.0,724.0,222762.0,7721.0,17321.0,1597.0,45427,1807.0,1779.0,3035.0,232048.0,13337,2118.0,-33043.0,2098.0,10184.0,682.0,1180.0,74330,32461,374.0,448.0,6401.0,508.0,3202.0,699.0,133.0,1229.0,209680.0,986.0,51805.0,53417.0,287287,3098550,151.0,978.0,11557.0,8234.0,371.0,518.0,1330.0,1983.0,932.0
193,12320435,33874.0,3210.0,18049.0,853.0,410.0,87562.0,30452.0,105.0,9101,18633,22712.0,106.0,31732.0,176952.0,64486.0,62253,1345.0,151.0,44850.0,6183.0,336.0,1775036,141.0,6656.0,1009.0,191.0,141.0,15494.0,106722,1595.0,201.0,4167.0,872.0,306354.0,84900,134685.0,313.0,1997.0,6280.0,11920.0,3404.0,2409.0,1010.0,12976,7926.0,12910,4931.0,40710.0,65466.0,79796.0,8963.0,3067.0,215.0,2007.0,7122.0,188.0,7263.0,170339,5982.0,974.0,198211,24154.0,179.0,3667.0,313.0,26472.0,252.0,5732.0,1802.0,289.0,6561.0,26954.0,4219.0,1887,802731.0,70358.0,0.0,252183,71182.0,25522.0,334.0,35361.0,242156,760.0,20525,324.0,1168.0,55439.0,8867.0,4162.0,53008.0,9397.0,1149.0,1987.0,949.0,1274.0,1862.0,4719.0,7595.0,3855.0,2014.0,8675.0,2535.0,2372.0,672.0,5123.0,341.0,284544.0,18851.0,108.0,232.0,1049.0,15098.0,1114.0,319.0,671.0,16775.0,50704,1192.0,3039.0,1097.0,30969.0,8955,52106.0,245368.0,6156.0,42719.0,2622.0,317970.0,53948.0,37047.0,45352.0,9245.0,102358.0,30834.0,709981,1245.0,711.0,724.0,225006.0,7785.0,17554.0,1609.0,45523,1819.0,1794.0,3041.0,238734.0,13370,2124.0,21389.0,2103.0,10274.0,704.0,1227.0,74656,32513,374.0,447.0,6434.0,507.0,3202.0,703.0,133.0,1237.0,210324.0,993.0,52357.0,53738.0,287552,3139214,158.0,982.0,11843.0,8449.0,371.0,517.0,1341.0,2049.0,987.0
194,12445510,33939.0,3252.0,18338.0,852.0,422.0,89315.0,30723.0,105.0,9186,18677,23041.0,106.0,32069.0,178959.0,64575.0,62251,1376.0,151.0,45651.0,6319.0,343.0,1800964,141.0,6791.0,1010.0,191.0,141.0,15674.0,106811,1618.0,201.0,4189.0,871.0,307588.0,84850,137207.0,312.0,2087.0,6473.0,12130.0,3436.0,2411.0,1010.0,13042,7995.0,12909,4944.0,41229.0,65986.0,80398.0,9126.0,3064.0,215.0,2008.0,7248.0,188.0,7259.0,170643,6034.0,976.0,198326,24703.0,179.0,3685.0,315.0,26898.0,252.0,5740.0,1805.0,290.0,6590.0,27341.0,4220.0,1889,817601.0,71343.0,0.0,253707,72774.0,25504.0,333.0,36131.0,242077,763.0,20658,323.0,1167.0,56492.0,9014.0,4277.0,53423.0,9625.0,1152.0,2005.0,957.0,1303.0,1865.0,4746.0,7678.0,3960.0,2048.0,8671.0,2542.0,2377.0,671.0,5174.0,340.0,288559.0,19015.0,108.0,234.0,1085.0,15263.0,1132.0,319.0,704.0,16950.0,50693,1192.0,3100.0,1097.0,31257.0,8955,52881.0,247227.0,6415.0,43320.0,2650.0,320012.0,55466.0,37188.0,45557.0,9381.0,102664.0,31117.0,713627,1264.0,710.0,723.0,226939.0,7839.0,17754.0,1618.0,45599,1829.0,1806.0,3045.0,244513.0,13396,2130.0,84573.0,2107.0,10343.0,724.0,1267.0,74960,32550,374.0,446.0,6461.0,506.0,3201.0,706.0,133.0,1244.0,210835.0,998.0,52822.0,54005.0,287702,3173953,163.0,985.0,12090.0,8635.0,371.0,516.0,1351.0,2097.0,1034.0
195,12551638,33992.0,3288.0,18587.0,850.0,431.0,90819.0,30947.0,105.0,9259,18710,23323.0,106.0,32352.0,180658.0,64634.0,62231,1400.0,151.0,46329.0,6434.0,350.0,1823231,141.0,6905.0,1010.0,191.0,141.0,15853.0,106859,1637.0,201.0,4207.0,870.0,308599.0,84782,139384.0,311.0,2159.0,6637.0,12295.0,3463.0,2412.0,1010.0,13096,8057.0,12904,4955.0,41648.0,66420.0,80905.0,9267.0,3060.0,215.0,2008.0,7362.0,188.0,7253.0,170858,6074.0,977.0,198371,25179.0,179.0,3699.0,316.0,27270.0,252.0,5747.0,1807.0,291.0,6614.0,27679.0,4220.0,1890,830367.0,72170.0,0.0,254973,74141.0,25481.0,332.0,36788.0,241939,765.0,20773,322.0,1165.0,57383.0,9138.0,4377.0,53768.0,9822.0,1154.0,2019.0,964.0,1332.0,1867.0,4769.0,7747.0,4055.0,2077.0,8665.0,2547.0,2381.0,670.0,5213.0,339.0,291981.0,19150.0,108.0,235.0,1117.0,15390.0,1147.0,319.0,732.0,17085.0,50669,1192.0,3162.0,1096.0,31503.0,8952,53548.0,248779.0,6636.0,43836.0,2674.0,321714.0,56758.0,37300.0,45720.0,9496.0,102904.0,31351.0,716626,1281.0,709.0,722.0,228585.0,7883.0,17923.0,1626.0,45653,1836.0,1816.0,3048.0,249559.0,13415,2134.0,112004.0,2109.0,10405.0,739.0,1301.0,75201,32571,374.0,445.0,6483.0,505.0,3199.0,708.0,133.0,1249.0,211226.0,1002.0,53215.0,54227.0,287752,3203532,168.0,987.0,12302.0,8794.0,371.0,515.0,1359.0,2146.0,1073.0
196,12643138,34026.0,3319.0,18803.0,848.0,439.0,92140.0,31141.0,105.0,9321,18735,23568.0,106.0,32598.0,182130.0,64670.0,62198,1422.0,151.0,46926.0,6536.0,355.0,1842690,141.0,7006.0,1010.0,191.0,141.0,15996.0,106874,1654.0,201.0,4222.0,868.0,309411.0,84700,141289.0,310.0,2226.0,6783.0,12446.0,3486.0,2412.0,1009.0,13141,8109.0,12896,4963.0,42022.0,66793.0,81335.0,9390.0,3056.0,215.0,2007.0,7457.0,188.0,7246.0,171005,6109.0,978.0,198362,25595.0,179.0,3711.0,317.0,27591.0,252.0,5751.0,1808.0,291.0,6633.0,27969.0,4218.0,1890,841546.0,72897.0,0.0,256036,75346.0,25454.0,331.0,37367.0,241756,767.0,20869,321.0,1163.0,58172.0,9247.0,4464.0,54063.0,9994.0,1155.0,2031.0,970.0,1355.0,1868.0,4788.0,7807.0,4135.0,2102.0,8657.0,2551.0,2384.0,669.0,5249.0,338.0,294969.0,19268.0,108.0,236.0,1145.0,15506.0,1160.0,318.0,757.0,17207.0,50635,1191.0,3212.0,1095.0,31712.0,8947,54125.0,250104.0,6833.0,44282.0,2694.0,323151.0,57892.0,37391.0,45856.0,9594.0,103092.0,31555.0,719114,1295.0,708.0,721.0,229981.0,7921.0,18069.0,1632.0,45689,1842.0,1824.0,3049.0,253965.0,13428,2137.0,213168.0,2110.0,10456.0,753.0,1331.0,75393,32583,373.0,444.0,6501.0,504.0,3196.0,710.0,133.0,1253.0,211520.0,1005.0,53552.0,54409.0,287727,3229088,172.0,988.0,12488.0,8934.0,370.0,514.0,1366.0,2186.0,1108.0
197,12720359,34048.0,3345.0,18989.0,846.0,446.0,93278.0,31303.0,105.0,9373,18752,23777.0,106.0,32805.0,183378.0,64685.0,62152,1441.0,151.0,47439.0,6624.0,359.0,1859293,141.0,7093.0,1009.0,191.0,141.0,16120.0,106859,1668.0,201.0,4234.0,866.0,310048.0,84605,142929.0,309.0,2283.0,6909.0,12574.0,3505.0,2411.0,1008.0,13177,8152.0,12885,4969.0,42338.0,67102.0,81692.0,9496.0,3051.0,215.0,2006.0,7540.0,188.0,7238.0,171091,6138.0,978.0,198301,25955.0,179.0,3720.0,317.0,27867.0,252.0,5753.0,1808.0,291.0,6648.0,28218.0,4215.0,1889,851172.0,73516.0,0.0,256905,76386.0,25423.0,330.0,37867.0,241530,768.0,20948,320.0,1161.0,58849.0,9340.0,4540.0,54308.0,10143.0,1156.0,2041.0,975.0,1375.0,1868.0,4803.0,7857.0,4205.0,2123.0,8648.0,2553.0,2386.0,668.0,5278.0,337.0,297519.0,19366.0,108.0,236.0,1169.0,15602.0,1171.0,317.0,778.0,17308.0,50591,1190.0,3256.0,1093.0,31888.0,8940,54620.0,251204.0,7004.0,44664.0,2711.0,324330.0,58881.0,37461.0,45963.0,9679.0,103230.0,31725.0,721117,1307.0,707.0,720.0,231155.0,7952.0,18193.0,1637.0,45709,1847.0,1830.0,3049.0,257787.0,13436,2139.0,293059.0,2110.0,10498.0,765.0,1357.0,75545,32584,372.0,443.0,6515.0,503.0,3192.0,711.0,133.0,1256.0,211723.0,1007.0,53834.0,54555.0,287627,3250744,175.0,989.0,12648.0,9055.0,369.0,513.0,1371.0,2221.0,1138.0
198,12785337,34058.0,3367.0,19148.0,844.0,452.0,94260.0,31438.0,105.0,9416,18762,23956.0,106.0,32979.0,184433.0,64681.0,62095,1457.0,151.0,47879.0,6700.0,362.0,1873507,141.0,7168.0,1008.0,191.0,141.0,16226.0,106818,1680.0,201.0,4243.0,864.0,310530.0,84499,144342.0,308.0,2333.0,7018.0,12683.0,3521.0,2409.0,1007.0,13205,8188.0,12872,4973.0,42605.0,67358.0,81986.0,9587.0,3046.0,215.0,2004.0,7611.0,188.0,7229.0,171121,6162.0,978.0,198195,26266.0,179.0,3727.0,317.0,28104.0,252.0,5753.0,1807.0,291.0,6659.0,28431.0,4211.0,1888,859460.0,74044.0,0.0,257606,77285.0,25389.0,329.0,38299.0,241267,769.0,21012,319.0,1159.0,59432.0,9420.0,4606.0,54510.0,10272.0,1156.0,2049.0,979.0,1392.0,1867.0,4815.0,7899.0,4266.0,2141.0,8637.0,2554.0,2387.0,667.0,5302.0,336.0,299696.0,19447.0,108.0,236.0,1190.0,15683.0,1180.0,316.0,796.0,17393.0,50539,1188.0,3294.0,1091.0,32035.0,8931,55043.0,252111.0,7153.0,44990.0,2725.0,325288.0,59737.0,37513.0,46045.0,9751.0,103325.0,31867.0,722700,1317.0,706.0,719.0,232132.0,7977.0,18297.0,1641.0,45714,1850.0,1835.0,3048.0,261100.0,13439,2140.0,433166.0,2109.0,10532.0,775.0,1379.0,75658,32576,371.0,442.0,6525.0,502.0,3188.0,712.0,133.0,1258.0,211847.0,1008.0,54069.0,54670.0,287464,3269048,178.0,989.0,12786.0,9159.0,368.0,512.0,1375.0,2251.0,1164.0
199,12839474,34058.0,3385.0,19283.0,842.0,457.0,95104.0,31549.0,105.0,9452,18766,24108.0,106.0,33124.0,185318.0,64660.0,62028,1471.0,151.0,48256.0,6765.0,365.0,1885589,141.0,7232.0,1007.0,191.0,141.0,16314.0,106753,1690.0,201.0,4250.0,862.0,310875.0,84383,145554.0,307.0,2376.0,7113.0,12777.0,3534.0,2407.0,1005.0,13226,8217.0,12857,4975.0,42831.0,67567.0,82225.0,9665.0,3040.0,215.0,2002.0,7671.0,188.0,7219.0,171103,6181.0,977.0,198049,26534.0,179.0,3732.0,317.0,28306.0,252.0,5751.0,1806.0,290.0,6667.0,28611.0,4206.0,1886,866567.0,74492.0,0.0,258159,78060.0,25352.0,328.0,38671.0,240971,769.0,21063,318.0,1157.0,59932.0,9488.0,4663.0,54674.0,10383.0,1156.0,2055.0,982.0,1406.0,1866.0,4824.0,7934.0,4318.0,2156.0,8625.0,2554.0,2387.0,666.0,5322.0,335.0,301544.0,19514.0,108.0,236.0,1208.0,15750.0,1188.0,315.0,812.0,17464.0,50480,1186.0,3326.0,1089.0,32156.0,8921,55403.0,252847.0,7283.0,45266.0,2736.0,326050.0,60479.0,37549.0,46106.0,9812.0,103382.0,31984.0,723911,1325.0,705.0,718.0,232935.0,7997.0,18384.0,1644.0,45707,1852.0,1839.0,3046.0,263960.0,13438,2140.0,617756.0,2108.0,10559.0,784.0,1398.0,75738,32560,370.0,441.0,6532.0,501.0,3183.0,712.0,133.0,1259.0,211901.0,1009.0,54263.0,54757.0,287245,3284384,180.0,989.0,12905.0,9249.0,367.0,511.0,1378.0,2277.0,1187.0
200,12883944,34049.0,3400.0,19397.0,840.0,461.0,95824.0,31639.0,105.0,9481,18764,24236.0,106.0,33243.0,186051.0,64625.0,61952,1483.0,151.0,48576.0,6821.0,367.0,1895768,141.0,7287.0,1005.0,191.0,141.0,16388.0,106668,1698.0,201.0,4255.0,860.0,311098.0,84258,146586.0,306.0,2413.0,7195.0,12856.0,3544.0,2404.0,1003.0,13241,8241.0,12840,4975.0,43019.0,67733.0,82414.0,9731.0,3034.0,215.0,1999.0,7722.0,188.0,7208.0,171042,6196.0,976.0,197868,26764.0,179.0,3735.0,316.0,28477.0,252.0,5748.0,1804.0,289.0,6672.0,28763.0,4200.0,1884,872619.0,74868.0,0.0,258580,78724.0,25312.0,327.0,38989.0,240646,769.0,21102,317.0,1155.0,60358.0,9545.0,4712.0,54805.0,10478.0,1155.0,2060.0,984.0,1418.0,1864.0,4831.0,7963.0,4363.0,2169.0,8612.0,2553.0,2386.0,665.0,5338.0,334.0,303097.0,19568.0,108.0,236.0,1223.0,15805.0,1194.0,314.0,825.0,17522.0,50414,1184.0,3353.0,1087.0,32255.0,8909,55706.0,253431.0,7396.0,45498.0,2745.0,326638.0,61119.0,37571.0,46147.0,9863.0,103405.0,32079.0,724791,1332.0,704.0,717.0,233584.0,8012.0,18456.0,1646.0,45688,1853.0,1842.0,3043.0,266419.0,13433,2139.0,850375.0,2106.0,10580.0,791.0,1414.0,75789,32537,369.0,440.0,6536.0,500.0,3178.0,712.0,133.0,1260.0,211893.0,1009.0,54420.0,54819.0,286976,3297074,182.0,988.0,13006.0,9326.0,366.0,510.0,1380.0,2299.0,1207.0
201,12919900,34032.0,3412.0,19493.0,838.0,464.0,96436.0,31710.0,105.0,9504,18757,24342.0,106.0,33339.0,186650.0,64577.0,61869,1493.0,151.0,48846.0,6868.0,369.0,1904274,141.0,7333.0,1003.0,191.0,141.0,16449.0,106565,1705.0,201.0,4258.0,858.0,311214.0,84125,147460.0,305.0,2445.0,7265.0,12922.0,3552.0,2401.0,1001.0,13251,8260.0,12821,4974.0,43174.0,67862.0,82560.0,9787.0,3028.0,215.0,1996.0,7765.0,188.0,7196.0,170943,6207.0,975.0,197656,26960.0,179.0,3737.0,315.0,28620.0,252.0,5743.0,1802.0,288.0,6674.0,28889.0,4194.0,1881,877742.0,75181.0,0.0,258884,79290.0,25270.0,326.0,39260.0,240296,768.0,21131,316.0,1153.0,60719.0,9593.0,4754.0,54906.0,10559.0,1154.0,2063.0,985.0,1428.0,1862.0,4835.0,7986.0,4401.0,2179.0,8598.0,2551.0,2384.0,664.0,5351.0,333.0,304391.0,19610.0,108.0,236.0,1236.0,15849.0,1199.0,313.0,836.0,17568.0,50342,1181.0,3376.0,1085.0,32334.0,8896,55959.0,253881.0,7494.0,45691.0,2752.0,327072.0,61668.0,37580.0,46171.0,9905.0,103398.0,32154.0,725380,1337.0,703.0,716.0,234096.0,8023.0,18515.0,1647.0,45659,1853.0,1844.0,3039.0,268523.0,13425,2138.0,1171719.0,2104.0,10596.0,797.0,1428.0,75814,32508,368.0,439.0,6538.0,499.0,3172.0,711.0,133.0,1260.0,211830.0,1009.0,54544.0,54860.0,286663,3307433,183.0,987.0,13092.0,9391.0,365.0,509.0,1381.0,2318.0,1224.0
202,12948306,34008.0,3422.0,19572.0,836.0,466.0,96951.0,31764.0,105.0,9522,18746,24429.0,106.0,33415.0,187131.0,64517.0,61779,1501.0,151.0,49072.0,6908.0,370.0,1911294,141.0,7372.0,1001.0,191.0,141.0,16498.0,106446,1710.0,201.0,4259.0,856.0,311235.0,83985,148194.0,304.0,2472.0,7325.0,12977.0,3558.0,2397.0,999.0,13256,8274.0,12801,4971.0,43299.0,67958.0,82667.0,9834.0,3021.0,215.0,1992.0,7801.0,188.0,7183.0,170811,6215.0,973.0,197417,27126.0,179.0,3737.0,314.0,28739.0,252.0,5737.0,1799.0,287.0,6674.0,28993.0,4187.0,1878,882041.0,75438.0,0.0,259085,79770.0,25226.0,325.0,39489.0,239923,767.0,21151,315.0,1151.0,61022.0,9633.0,4790.0,54981.0,10628.0,1152.0,2065.0,986.0,1436.0,1859.0,4837.0,8004.0,4433.0,2187.0,8583.0,2549.0,2382.0,663.0,5361.0,332.0,305455.0,19642.0,108.0,236.0,1247.0,15884.0,1203.0,312.0,845.0,17604.0,50265,1178.0,3395.0,1083.0,32395.0,8882,56168.0,254212.0,7578.0,45849.0,2757.0,327370.0,62137.0,37578.0,46180.0,9940.0,103365.0,32212.0,725711,1341.0,702.0,715.0,234487.0,8030.0,18562.0,1647.0,45621,1852.0,1845.0,3035.0,270312.0,13414,2136.0,1577330.0,2101.0,10607.0,802.0,1440.0,75816,32474,367.0,438.0,6538.0,498.0,3166.0,710.0,133.0,1260.0,211719.0,1008.0,54639.0,54881.0,286311,3315725,184.0,986.0,13164.0,9446.0,364.0,508.0,1381.0,2334.0,1239.0
203,12970030,33978.0,3429.0,19637.0,834.0,468.0,97381.0,31803.0,105.0,9535,18731,24499.0,106.0,33473.0,187507.0,64447.0,61683,1508.0,151.0,49259.0,6941.0,371.0,1917000,141.0,7404.0,999.0,191.0,141.0,16537.0,106313,1714.0,201.0,4259.0,854.0,311172.0,83839,148804.0,303.0,2495.0,7376.0,13022.0,3562.0,2393.0,997.0,13257,8284.0,12780,4967.0,43398.0,68025.0,82740.0,9873.0,3014.0,215.0,1988.0,7830.0,188.0,7170.0,170649,6220.0,971.0,197154,27265.0,179.0,3736.0,313.0,28836.0,252.0,5730.0,1796.0,286.0,6672.0,29077.0,4180.0,1875,885610.0,75645.0,0.0,259195,80173.0,25180.0,324.0,39681.0,239531,766.0,21163,314.0,1149.0,61274.0,9665.0,4820.0,55033.0,10686.0,1150.0,2066.0,986.0,1443.0,1856.0,4837.0,8018.0,4460.0,2193.0,8567.0,2546.0,2379.0,662.0,5368.0,331.0,306315.0,19665.0,108.0,236.0,1256.0,15910.0,1206.0,311.0,853.0,17631.0,50184,1175.0,3411.0,1081.0,32440.0,8867,56338.0,254438.0,7650.0,45977.0,2761.0,327548.0,62535.0,37566.0,46176.0,9968.0,103308.0,32255.0,725813,1344.0,701.0,714.0,234771.0,8034.0,18598.0,1647.0,45575,1851.0,1845.0,3030.0,271823.0,13401,2134.0,2102260.0,2098.0,10614.0,806.0,1450.0,75798,32435,366.0,437.0,6536.0,497.0,3160.0,709.0,133.0,1259.0,211565.0,1007.0,54709.0,54885.0,285925,3322188,184.0,984.0,13224.0,9492.0,363.0,507.0,1381.0,2347.0,1251.0
204,12985845,33942.0,3434.0,19689.0,832.0,469.0,97735.0,31829.0,105.0,9544,18713,24554.0,106.0,33515.0,187790.0,64368.0,61582,1513.0,151.0,49411.0,6968.0,371.0,1921542,141.0,7430.0,997.0,191.0,141.0,16567.0,106167,1717.0,201.0,4257.0,852.0,311035.0,83688,149304.0,302.0,2515.0,7419.0,13058.0,3564.0,2389.0,995.0,13254,8291.0,12758,4962.0,43474.0,68066.0,82783.0,9905.0,3007.0,215.0,1984.0,7854.0,188.0,7156.0,170461,6223.0,969.0,196870,27381.0,179.0,3734.0,312.0,28914.0,252.0,5722.0,1793.0,285.0,6668.0,29143.0,4172.0,1871,888534.0,75808.0,0.0,259224,80508.0,25133.0,323.0,39840.0,239121,764.0,21168,313.0,1147.0,61480.0,9691.0,4845.0,55064.0,10734.0,1148.0,2066.0,986.0,1448.0,1853.0,4836.0,8028.0,4482.0,2198.0,8551.0,2543.0,2376.0,661.0,5373.0,330.0,306995.0,19680.0,108.0,236.0,1264.0,15929.0,1208.0,310.0,859.0,17650.0,50099,1172.0,3424.0,1079.0,32471.0,8851,56473.0,254571.0,7712.0,46078.0,2763.0,327619.0,62870.0,37545.0,46160.0,9990.0,103231.0,32284.0,725714,1346.0,700.0,713.0,234961.0,8035.0,18625.0,1646.0,45522,1849.0,1844.0,3025.0,273087.0,13386,2131.0,2770056.0,2094.0,10617.0,809.0,1458.0,75762,32392,365.0,436.0,6532.0,496.0,3153.0,708.0,133.0,1258.0,211374.0,1006.0,54756.0,54874.0,285509,3327033,184.0,982.0,13273.0,9530.0,362.0,506.0,1380.0,2358.0,1261.0
205,12996432,33901.0,3437.0,19730.0,830.0,470.0,98022.0,31843.0,105.0,9549,18692,24596.0,106.0,33543.0,187991.0,64281.0,61476,1517.0,151.0,49532.0,6990.0,371.0,1925055,141.0,7451.0,995.0,191.0,141.0,16589.0,106010,1719.0,201.0,4254.0,850.0,310832.0,83532,149707.0,301.0,2532.0,7455.0,13086.0,3565.0,2384.0,993.0,13248,8295.0,12735,4956.0,43530.0,68084.0,82799.0,9930.0,3000.0,215.0,1980.0,7873.0,188.0,7142.0,170250,6224.0,967.0,196567,27476.0,179.0,3731.0,311.0,28975.0,252.0,5713.0,1789.0,284.0,6663.0,29194.0,4164.0,1867,890886.0,75932.0,0.0,259182,80783.0,25084.0,322.0,39970.0,238696,762.0,21167,312.0,1145.0,61646.0,9711.0,4866.0,55077.0,10774.0,1146.0,2065.0,985.0,1452.0,1849.0,4833.0,8035.0,4500.0,2201.0,8534.0,2539.0,2372.0,660.0,5376.0,329.0,307516.0,19688.0,108.0,236.0,1270.0,15941.0,1209.0,309.0,864.0,17662.0,50011,1169.0,3434.0,1077.0,32490.0,8834,56578.0,254622.0,7764.0,46155.0,2764.0,327596.0,63150.0,37517.0,46134.0,10007.0,103135.0,32301.0,725436,1347.0,699.0,712.0,235067.0,8034.0,18644.0,1645.0,45463,1847.0,1843.0,3019.0,274133.0,13369,2128.0,3604662.0,2090.0,10617.0,811.0,1465.0,75710,32345,364.0,435.0,6527.0,495.0,3146.0,707.0,133.0,1256.0,211149.0,1004.0,54783.0,54850.0,285066,3330446,184.0,980.0,13313.0,9561.0,361.0,505.0,1379.0,2367.0,1269.0
206,13002395,33856.0,3439.0,19761.0,828.0,470.0,98250.0,31847.0,105.0,9551,18668,24627.0,106.0,33559.0,188119.0,64187.0,61366,1520.0,151.0,49626.0,7007.0,371.0,1927657,141.0,7467.0,993.0,191.0,141.0,16604.0,105843,1720.0,201.0,4250.0,848.0,310571.0,83372,150024.0,300.0,2546.0,7485.0,13107.0,3565.0,2379.0,991.0,13239,8296.0,12711,4949.0,43568.0,68082.0,82791.0,9950.0,2993.0,215.0,1976.0,7887.0,188.0,7127.0,170019,6223.0,965.0,196248,27553.0,179.0,3727.0,310.0,29021.0,252.0,5703.0,1785.0,283.0,6656.0,29231.0,4156.0,1863,892732.0,76022.0,0.0,259077,81005.0,25034.0,321.0,40074.0,238258,760.0,21160,311.0,1143.0,61776.0,9726.0,4883.0,55074.0,10806.0,1144.0,2064.0,984.0,1455.0,1845.0,4829.0,8039.0,4515.0,2203.0,8517.0,2535.0,2368.0,659.0,5377.0,328.0,307896.0,19690.0,108.0,236.0,1275.0,15947.0,1210.0,308.0,868.0,17668.0,49920,1166.0,3442.0,1075.0,32498.0,8817,56656.0,254600.0,7808.0,46211.0,2764.0,327490.0,63381.0,37482.0,46099.0,10019.0,103023.0,32307.0,725001,1347.0,698.0,711.0,235099.0,8031.0,18656.0,1643.0,45399,1844.0,1841.0,3013.0,274986.0,13350,2124.0,4643738.0,2086.0,10614.0,813.0,1470.0,75644,32295,363.0,434.0,6520.0,494.0,3139.0,706.0,133.0,1254.0,210895.0,1002.0,54792.0,54814.0,284600,3332592,184.0,978.0,13345.0,9586.0,360.0,504.0,1377.0,2374.0,1276.0
207,13004265,33807.0,3439.0,19783.0,826.0,470.0,98426.0,31842.0,105.0,9550,18642,24647.0,106.0,33564.0,188183.0,64087.0,61253,1522.0,151.0,49696.0,7020.0,370.0,1929453,141.0,7479.0,991.0,191.0,141.0,16613.0,105668,1720.0,201.0,4245.0,846.0,310259.0,83209,150265.0,299.0,2558.0,7509.0,13122.0,3564.0,2374.0,989.0,13227,8295.0,12686,4941.0,43590.0,68062.0,82762.0,9965.0,2986.0,215.0,1972.0,7897.0,188.0,7112.0,169770,6220.0,963.0,195914,27613.0,179.0,3722.0,309.0,29054.0,252.0,5693.0,1781.0,282.0,6648.0,29256.0,4147.0,1859,894130.0,76081.0,0.0,258916,81180.0,24983.0,320.0,40155.0,237808,758.0,21148,310.0,1141.0,61875.0,9737.0,4897.0,55057.0,10831.0,1142.0,2062.0,983.0,1457.0,1841.0,4824.0,8040.0,4527.0,2204.0,8499.0,2530.0,2364.0,658.0,5376.0,327.0,308151.0,19686.0,108.0,236.0,1279.0,15948.0,1210.0,307.0,871.0,17668.0,49826,1163.0,3448.0,1073.0,32496.0,8799,56710.0,254514.0,7845.0,46248.0,2763.0,327310.0,63568.0,37441.0,46056.0,10027.0,102897.0,32304.0,724426,1347.0,697.0,710.0,235066.0,8026.0,18661.0,1641.0,45330,1841.0,1839.0,3007.0,275668.0,13330,2120.0,5914778.0,2081.0,10608.0,814.0,1474.0,75566,32242,362.0,433.0,6512.0,493.0,3132.0,705.0,133.0,1252.0,210615.0,1000.0,54786.0,54768.0,284113,3333618,184.0,976.0,13369.0,9605.0,359.0,503.0,1375.0,2379.0,1281.0
208,13002520,33755.0,3438.0,19797.0,824.0,470.0,98555.0,31829.0,105.0,9546,18614,24658.0,106.0,33559.0,188190.0,63982.0,61137,1523.0,151.0,49745.0,7030.0,369.0,1930536,141.0,7488.0,989.0,191.0,141.0,16616.0,105485,1719.0,201.0,4239.0,844.0,309902.0,83043,150438.0,298.0,2567.0,7528.0,13132.0,3562.0,2369.0,987.0,13213,8291.0,12661,4933.0,43598.0,68026.0,82715.0,9975.0,2979.0,215.0,1968.0,7904.0,188.0,7097.0,169505,6216.0,961.0,195568,27659.0,179.0,3717.0,308.0,29075.0,252.0,5682.0,1777.0,281.0,6639.0,29270.0,4138.0,1855,895132.0,76113.0,0.0,258706,81313.0,24931.0,319.0,40216.0,237348,756.0,21132,309.0,1139.0,61946.0,9744.0,4908.0,55027.0,10850.0,1140.0,2060.0,981.0,1458.0,1837.0,4818.0,8039.0,4536.0,2204.0,8481.0,2525.0,2359.0,657.0,5374.0,326.0,308296.0,19677.0,108.0,236.0,1282.0,15945.0,1210.0,306.0,873.0,17663.0,49730,1160.0,3452.0,1071.0,32486.0,8781,56743.0,254371.0,7875.0,46269.0,2761.0,327065.0,63717.0,37395.0,46006.0,10031.0,102758.0,32293.0,723729,1346.0,696.0,709.0,234975.0,8019.0,18661.0,1638.0,45257,1838.0,1836.0,3000.0,276199.0,13308,2116.0,7450761.0,2076.0,10600.0,815.0,1477.0,75477,32187,361.0,432.0,6503.0,492.0,3125.0,704.0,133.0,1249.0,210312.0,998.0,54766.0,54713.0,283608,3333654,184.0,974.0,13387.0,9619.0,358.0,502.0,1373.0,2383.0,1285.0
209,12997578,33700.0,3436.0,19804.0,822.0,469.0,98643.0,31809.0,105.0,9540,18584,24661.0,106.0,33546.0,188147.0,63872.0,61018,1523.0,151.0,49775.0,7036.0,368.0,1930988,141.0,7493.0,987.0,191.0,141.0,16614.0,105296,1718.0,201.0,4233.0,842.0,309505.0,82874,150552.0,297.0,2574.0,7543.0,13137.0,3559.0,2364.0,985.0,13197,8285.0,12635,4924.0,43593.0,67976.0,82651.0,9981.0,2972.0,215.0,1964.0,7908.0,188.0,7081.0,169226,6210.0,959.0,195211,27692.0,179.0,3711.0,307.0,29086.0,252.0,5671.0,1773.0,280.0,6629.0,29275.0,4129.0,1851,895784.0,76121.0,0.0,258452,81409.0,24878.0,318.0,40259.0,236879,754.0,21112,308.0,1137.0,61992.0,9747.0,4916.0,54986.0,10864.0,1138.0,2057.0,979.0,1458.0,1833.0,4811.0,8036.0,4543.0,2203.0,8463.0,2520.0,2354.0,656.0,5370.0,325.0,308343.0,19664.0,108.0,236.0,1284.0,15938.0,1209.0,305.0,874.0,17654.0,49632,1157.0,3455.0,1069.0,32468.0,8762,56757.0,254178.0,7899.0,46275.0,2758.0,326763.0,63832.0,37344.0,45949.0,10032.0,102608.0,32274.0,722923,1345.0,695.0,708.0,234833.0,8011.0,18656.0,1635.0,45180,1834.0,1833.0,2993.0,276596.0,13285,2111.0,9278174.0,2071.0,10590.0,815.0,1479.0,75378,32129,360.0,431.0,6493.0,491.0,3118.0,703.0,133.0,1246.0,209989.0,996.0,54734.0,54650.0,283087,3332814,184.0,972.0,13399.0,9629.0,357.0,501.0,1370.0,2386.0,1288.0
210,12989812,33642.0,3433.0,19805.0,820.0,468.0,98695.0,31783.0,105.0,9532,18553,24657.0,106.0,33525.0,188060.0,63758.0,60897,1523.0,151.0,49788.0,7040.0,367.0,1930883,141.0,7496.0,985.0,191.0,141.0,16608.0,105101,1716.0,201.0,4226.0,840.0,309073.0,82703,150613.0,296.0,2579.0,7554.0,13138.0,3555.0,2359.0,983.0,13179,8278.0,12609,4915.0,43577.0,67914.0,82573.0,9984.0,2965.0,215.0,1960.0,7909.0,188.0,7065.0,168935,6203.0,957.0,194844,27714.0,179.0,3705.0,306.0,29088.0,252.0,5659.0,1769.0,279.0,6618.0,29271.0,4120.0,1847,896126.0,76108.0,0.0,258160,81473.0,24825.0,317.0,40286.0,236402,752.0,21089,307.0,1135.0,62016.0,9747.0,4922.0,54935.0,10873.0,1136.0,2054.0,977.0,1458.0,1829.0,4804.0,8031.0,4548.0,2201.0,8444.0,2514.0,2349.0,655.0,5365.0,324.0,308304.0,19647.0,108.0,236.0,1285.0,15927.0,1208.0,304.0,875.0,17641.0,49532,1154.0,3456.0,1067.0,32444.0,8743,56754.0,253941.0,7918.0,46268.0,2755.0,326410.0,63917.0,37289.0,45887.0,10030.0,102449.0,32249.0,722022,1343.0,694.0,707.0,234646.0,8001.0,18646.0,1632.0,45100,1830.0,1830.0,2986.0,276874.0,13261,2106.0,11410820.0,2066.0,10578.0,815.0,1480.0,75271,32069,359.0,430.0,6482.0,490.0,3111.0,702.0,133.0,1243.0,209648.0,994.0,54691.0,54580.0,282552,3331200,184.0,970.0,13406.0,9635.0,356.0,500.0,1367.0,2388.0,1290.0
211,12979553,33582.0,3429.0,19800.0,818.0,467.0,98715.0,31751.0,105.0,9522,18520,24647.0,106.0,33498.0,187933.0,63640.0,60774,1522.0,151.0,49786.0,7041.0,366.0,1930285,141.0,7496.0,983.0,191.0,141.0,16598.0,104901,1714.0,201.0,4219.0,838.0,308610.0,82530,150627.0,295.0,2583.0,7562.0,13135.0,3550.0,2354.0,981.0,13160,8269.0,12582,4905.0,43551.0,67841.0,82482.0,9984.0,2958.0,215.0,1956.0,7908.0,188.0,7049.0,168633,6195.0,955.0,194469,27726.0,179.0,3698.0,305.0,29082.0,252.0,5647.0,1765.0,278.0,6606.0,29260.0,4111.0,1843,896194.0,76076.0,0.0,257834,81508.0,24771.0,316.0,40299.0,235919,750.0,21063,306.0,1133.0,62021.0,9744.0,4926.0,54875.0,10878.0,1134.0,2050.0,975.0,1457.0,1825.0,4796.0,8024.0,4551.0,2199.0,8425.0,2508.0,2344.0,654.0,5359.0,323.0,308189.0,19627.0,108.0,236.0,1285.0,15913.0,1206.0,303.0,875.0,17625.0,49431,1151.0,3456.0,1065.0,32414.0,8724,56737.0,253665.0,7933.0,46250.0,2751.0,326013.0,63975.0,37230.0,45820.0,10025.0,102281.0,32218.0,721036,1341.0,693.0,706.0,234419.0,7990.0,18632.0,1628.0,45017,1826.0,1826.0,2979.0,277047.0,13236,2101.0,13846349.0,2061.0,10565.0,814.0,1480.0,75156,32008,358.0,429.0,6471.0,489.0,3104.0,701.0,133.0,1240.0,209292.0,992.0,54639.0,54504.0,282005,3328903,184.0,968.0,13408.0,9638.0,355.0,499.0,1364.0,2389.0,1291.0
212,12967092,33520.0,3425.0,19790.0,816.0,466.0,98707.0,31714.0,105.0,9511,18486,24631.0,106.0,33465.0,187772.0,63519.0,60649,1521.0,151.0,49771.0,7040.0,365.0,1929252,141.0,7494.0,981.0,191.0,141.0,16585.0,104697,1711.0,201.0,4211.0,836.0,308120.0,82355,150600.0,294.0,2585.0,7567.0,13129.0,3545.0,2349.0,979.0,13139,8259.0,12555,4895.0,43517.0,67759.0,82380.0,9981.0,2951.0,215.0,1952.0,7905.0,188.0,7033.0,168322,6186.0,953.0,194086,27729.0,179.0,3691.0,304.0,29069.0,252.0,5635.0,1761.0,277.0,6594.0,29242.0,4102.0,1839,896020.0,76028.0,0.0,257478,81517.0,24717.0,315.0,40300.0,235430,748.0,21034,305.0,1131.0,62009.0,9739.0,4928.0,54808.0,10879.0,1132.0,2046.0,973.0,1456.0,1821.0,4788.0,8016.0,4552.0,2196.0,8406.0,2502.0,2339.0,653.0,5352.0,322.0,308006.0,19604.0,108.0,236.0,1285.0,15896.0,1204.0,302.0,875.0,17606.0,49328,1148.0,3455.0,1063.0,32379.0,8704,56707.0,253354.0,7944.0,46222.0,2747.0,325576.0,64009.0,37168.0,45748.0,10018.0,102106.0,32182.0,719976,1339.0,692.0,705.0,234157.0,7978.0,18615.0,1624.0,44932,1822.0,1822.0,2972.0,277127.0,13210,2096.0,16548700.0,2056.0,10550.0,813.0,1480.0,75035,31945,357.0,428.0,6459.0,488.0,3097.0,700.0,133.0,1237.0,208922.0,990.0,54578.0,54422.0,281448,3326003,184.0,966.0,13406.0,9638.0,354.0,498.0,1361.0,2389.0,1291.0
213,12952687,33456.0,3420.0,19776.0,814.0,465.0,98674.0,31673.0,105.0,9498,18451,24610.0,106.0,33427.0,187580.0,63395.0,60523,1519.0,151.0,49745.0,7037.0,364.0,1927834,141.0,7490.0,979.0,191.0,141.0,16569.0,104489,1708.0,201.0,4203.0,834.0,307606.0,82179,150537.0,293.0,2586.0,7569.0,13120.0,3539.0,2344.0,977.0,13117,8248.0,12528,4885.0,43475.0,67668.0,82268.0,9976.0,2944.0,215.0,1948.0,7900.0,188.0,7017.0,168003,6176.0,951.0,193697,27724.0,179.0,3684.0,303.0,29050.0,252.0,5622.0,1757.0,276.0,6581.0,29218.0,4093.0,1835,895632.0,75965.0,0.0,257096,81504.0,24662.0,314.0,40290.0,234936,746.0,21003,304.0,1129.0,61982.0,9732.0,4928.0,54734.0,10877.0,1130.0,2042.0,971.0,1454.0,1817.0,4779.0,8006.0,4552.0,2193.0,8387.0,2496.0,2334.0,652.0,5344.0,321.0,307764.0,19578.0,108.0,236.0,1284.0,15877.0,1202.0,301.0,874.0,17584.0,49224,1145.0,3453.0,1061.0,32339.0,8684,56665.0,253013.0,7951.0,46185.0,2742.0,325105.0,64022.0,37103.0,45673.0,10009.0,101924.0,32142.0,718851,1336.0,691.0,704.0,233864.0,7965.0,18595.0,1620.0,44845,1818.0,1818.0,2965.0,277125.0,13184,2091.0,19434504.0,2051.0,10534.0,812.0,1479.0,74908,31881,356.0,427.0,6447.0,487.0,3090.0,699.0,133.0,1234.0,208540.0,988.0,54510.0,54335.0,280882,3322569,184.0,964.0,13401.0,9635.0,353.0,497.0,1358.0,2388.0,1291.0
214,12936569,33391.0,3415.0,19758.0,812.0,464.0,98619.0,31628.0,105.0,9484,18415,24585.0,106.0,33384.0,187361.0,63269.0,60395,1517.0,151.0,49709.0,7032.0,363.0,1926076,141.0,7484.0,977.0,191.0,141.0,16550.0,104278,1705.0,201.0,4194.0,832.0,307071.0,82002,150441.0,292.0,2586.0,7569.0,13108.0,3533.0,2339.0,975.0,13094,8236.0,12500,4874.0,43426.0,67570.0,82147.0,9969.0,2937.0,215.0,1944.0,7893.0,188.0,7001.0,167677,6165.0,949.0,193302,27712.0,179.0,3676.0,302.0,29025.0,252.0,5609.0,1753.0,275.0,6568.0,29189.0,4084.0,1831,895054.0,75889.0,0.0,256691,81471.0,24607.0,313.0,40270.0,234438,744.0,20970,303.0,1127.0,61942.0,9723.0,4927.0,54654.0,10872.0,1128.0,2038.0,969.0,1452.0,1813.0,4770.0,7995.0,4550.0,2189.0,8368.0,2490.0,2329.0,651.0,5335.0,320.0,307469.0,19550.0,108.0,236.0,1283.0,15856.0,1199.0,300.0,873.0,17560.0,49119,1142.0,3450.0,1059.0,32295.0,8664,56613.0,252645.0,7955.0,46140.0,2737.0,324603.0,64017.0,37036.0,45594.0,9998.0,101736.0,32098.0,717668,1333.0,690.0,703.0,233544.0,7951.0,18572.0,1616.0,44756,1814.0,1814.0,2958.0,277051.0,13157,2086.0,22344872.0,2046.0,10517.0,810.0,1478.0,74776,31816,355.0,426.0,6434.0,486.0,3083.0,698.0,133.0,1231.0,208148.0,986.0,54435.0,54244.0,280308,3318666,184.0,962.0,13393.0,9630.0,352.0,496.0,1355.0,2386.0,1290.0
215,12918940,33324.0,3409.0,19737.0,810.0,463.0,98544.0,31580.0,105.0,9469,18378,24556.0,106.0,33337.0,187118.0,63141.0,60266,1514.0,151.0,49664.0,7026.0,362.0,1924018,141.0,7477.0,975.0,191.0,141.0,16529.0,104064,1701.0,201.0,4185.0,830.0,306518.0,81824,150317.0,291.0,2585.0,7567.0,13094.0,3526.0,2334.0,973.0,13070,8223.0,12472,4863.0,43371.0,67465.0,82019.0,9960.0,2930.0,215.0,1940.0,7885.0,188.0,6985.0,167345,6154.0,947.0,192902,27694.0,179.0,3668.0,301.0,28995.0,252.0,5596.0,1749.0,274.0,6554.0,29156.0,4075.0,1827,894309.0,75802.0,0.0,256266,81420.0,24552.0,312.0,40242.0,233936,742.0,20935,302.0,1125.0,61890.0,9712.0,4924.0,54569.0,10865.0,1126.0,2034.0,967.0,1450.0,1809.0,4760.0,7983.0,4547.0,2185.0,8349.0,2484.0,2324.0,650.0,5326.0,319.0,307128.0,19520.0,108.0,236.0,1281.0,15833.0,1196.0,299.0,872.0,17534.0,49013,1139.0,3446.0,1057.0,32248.0,8644,56552.0,252254.0,7956.0,46088.0,2732.0,324074.0,63995.0,36967.0,45512.0,9986.0,101543.0,32050.0,716435,1330.0,689.0,702.0,233200.0,7936.0,18547.0,1612.0,44665,1810.0,1810.0,2951.0,276913.0,13130,2081.0,25087530.0,2041.0,10499.0,808.0,1476.0,74640,31750,354.0,425.0,6421.0,485.0,3076.0,697.0,133.0,1228.0,207747.0,984.0,54354.0,54149.0,279727,3314348,184.0,960.0,13382.0,9623.0,351.0,495.0,1352.0,2384.0,1289.0
216,12899978,33256.0,3403.0,19713.0,808.0,462.0,98452.0,31529.0,105.0,9453,18340,24524.0,106.0,33287.0,186854.0,63011.0,60136,1511.0,151.0,49611.0,7018.0,361.0,1921696,141.0,7468.0,973.0,191.0,141.0,16506.0,103847,1697.0,201.0,4176.0,828.0,305949.0,81645,150168.0,290.0,2583.0,7563.0,13078.0,3519.0,2329.0,971.0,13045,8209.0,12444,4852.0,43311.0,67355.0,81884.0,9949.0,2923.0,215.0,1936.0,7875.0,188.0,6969.0,167007,6142.0,945.0,192498,27671.0,179.0,3660.0,300.0,28961.0,252.0,5583.0,1745.0,273.0,6540.0,29119.0,4066.0,1823,893417.0,75705.0,0.0,255823,81354.0,24497.0,311.0,40206.0,233431,740.0,20898,301.0,1123.0,61828.0,9700.0,4920.0,54479.0,10856.0,1124.0,2030.0,965.0,1447.0,1805.0,4750.0,7970.0,4543.0,2181.0,8330.0,2478.0,2319.0,649.0,5316.0,318.0,306746.0,19488.0,108.0,236.0,1279.0,15808.0,1193.0,298.0,870.0,17506.0,48906,1136.0,3442.0,1055.0,32197.0,8624,56483.0,251842.0,7955.0,46030.0,2726.0,323522.0,63959.0,36896.0,45428.0,9972.0,101346.0,31999.0,715157,1327.0,688.0,701.0,232835.0,7921.0,18520.0,1608.0,44573,1806.0,1806.0,2944.0,276718.0,13102,2076.0,27627604.0,2036.0,10480.0,806.0,1474.0,74500,31683,353.0,424.0,6407.0,484.0,3069.0,696.0,133.0,1225.0,207338.0,982.0,54268.0,54051.0,279140,3309665,184.0,958.0,13369.0,9614.0,350.0,494.0,1349.0,2381.0,1287.0
217,12879846,33187.0,3396.0,19686.0,806.0,461.0,98345.0,31475.0,105.0,9436,18302,24489.0,106.0,33234.0,186572.0,62879.0,60005,1508.0,151.0,49551.0,7009.0,360.0,1919140,141.0,7458.0,971.0,191.0,141.0,16481.0,103628,1693.0,201.0,4167.0,826.0,305366.0,81465,149997.0,289.0,2581.0,7557.0,13060.0,3512.0,2324.0,969.0,13019,8194.0,12416,4841.0,43246.0,67240.0,81743.0,9937.0,2916.0,215.0,1932.0,7864.0,188.0,6953.0,166665,6130.0,943.0,192090,27643.0,179.0,3652.0,299.0,28923.0,252.0,5570.0,1741.0,272.0,6526.0,29078.0,4057.0,1819,892394.0,75599.0,0.0,255364,81274.0,24442.0,310.0,40164.0,232923,738.0,20860,300.0,1121.0,61757.0,9686.0,4915.0,54385.0,10845.0,1122.0,2026.0,963.0,1444.0,1801.0,4740.0,7956.0,4538.0,2176.0,8311.0,2472.0,2314.0,648.0,5306.0,317.0,306328.0,19454.0,108.0,236.0,1277.0,15782.0,1190.0,297.0,868.0,17477.0,48799,1133.0,3437.0,1053.0,32144.0,8604,56407.0,251412.0,7952.0,45966.0,2720.0,322949.0,63910.0,36823.0,45341.0,9957.0,101145.0,31945.0,713840,1324.0,687.0,700.0,232451.0,7905.0,18491.0,1604.0,44480,1802.0,1802.0,2937.0,276473.0,13074,2071.0,29775420.0,2031.0,10460.0,804.0,1472.0,74357,31615,352.0,423.0,6393.0,483.0,3062.0,695.0,133.0,1222.0,206922.0,980.0,54178.0,53950.0,278548,3304660,184.0,956.0,13354.0,9603.0,349.0,493.0,1346.0,2378.0,1285.0
218,12858683,33117.0,3389.0,19657.0,804.0,460.0,98224.0,31419.0,105.0,9418,18263,24451.0,106.0,33178.0,186274.0,62746.0,59873,1505.0,151.0,49485.0,6999.0,359.0,1916379,141.0,7447.0,969.0,191.0,141.0,16454.0,103407,1689.0,201.0,4158.0,824.0,304770.0,81285,149806.0,288.0,2578.0,7550.0,13041.0,3504.0,2319.0,967.0,12993,8179.0,12388,4830.0,43177.0,67120.0,81597.0,9923.0,2909.0,215.0,1928.0,7852.0,188.0,6937.0,166319,6117.0,941.0,191679,27611.0,179.0,3644.0,298.0,28882.0,252.0,5557.0,1737.0,271.0,6511.0,29034.0,4048.0,1815,891257.0,75485.0,0.0,254892,81182.0,24387.0,309.0,40116.0,232413,736.0,20821,299.0,1119.0,61678.0,9671.0,4909.0,54288.0,10832.0,1120.0,2022.0,961.0,1441.0,1797.0,4729.0,7941.0,4532.0,2171.0,8292.0,2466.0,2309.0,647.0,5295.0,316.0,305878.0,19419.0,108.0,236.0,1274.0,15754.0,1187.0,296.0,866.0,17446.0,48691,1130.0,3432.0,1051.0,32088.0,8584,56325.0,250966.0,7947.0,45897.0,2714.0,322358.0,63850.0,36749.0,45252.0,9941.0,100941.0,31889.0,712489,1321.0,686.0,699.0,232051.0,7889.0,18460.0,1600.0,44386,1798.0,1798.0,2930.0,276184.0,13045,2066.0,31661886.0,2026.0,10440.0,802.0,1469.0,74211,31547,351.0,422.0,6379.0,482.0,3055.0,694.0,133.0,1219.0,206500.0,978.0,54084.0,53846.0,277952,3299372,184.0,954.0,13337.0,9591.0,348.0,492.0,1343.0,2374.0,1283.0
219,12836612,33046.0,3382.0,19626.0,802.0,459.0,98091.0,31361.0,105.0,9400,18224,24411.0,106.0,33120.0,185961.0,62612.0,59741,1502.0,151.0,49413.0,6988.0,358.0,1913437,141.0,7435.0,967.0,191.0,141.0,16426.0,103184,1685.0,201.0,4149.0,822.0,304164.0,81104,149598.0,287.0,2575.0,7541.0,13020.0,3496.0,2314.0,965.0,12966,8163.0,12360,4819.0,43105.0,66996.0,81446.0,9908.0,2902.0,215.0,1924.0,7839.0,188.0,6921.0,165969,6104.0,939.0,191265,27575.0,179.0,3636.0,297.0,28838.0,252.0,5544.0,1733.0,270.0,6496.0,28987.0,4039.0,1811,890018.0,75365.0,0.0,254408,81079.0,24332.0,308.0,40063.0,231901,734.0,20781,298.0,1117.0,61592.0,9655.0,4902.0,54188.0,10818.0,1118.0,2018.0,959.0,1438.0,1793.0,4718.0,7926.0,4525.0,2166.0,8273.0,2460.0,2304.0,646.0,5284.0,315.0,305400.0,19383.0,108.0,236.0,1271.0,15725.0,1184.0,295.0,864.0,17414.0,48583,1127.0,3426.0,1049.0,32030.0,8564,56238.0,250506.0,7940.0,45824.0,2708.0,321751.0,63780.0,36674.0,45161.0,9924.0,100734.0,31831.0,711108,1318.0,685.0,698.0,231636.0,7872.0,18428.0,1596.0,44291,1794.0,1794.0,2923.0,275856.0,13016,2061.0,33339824.0,2021.0,10419.0,800.0,1466.0,74062,31478,350.0,421.0,6365.0,481.0,3048.0,693.0,133.0,1216.0,206073.0,976.0,53987.0,53740.0,277352,3293835,184.0,952.0,13318.0,9577.0,347.0,491.0,1340.0,2370.0,1280.0
220,12813749,32975.0,3375.0,19593.0,800.0,458.0,97948.0,31301.0,105.0,9381,18184,24369.0,106.0,33060.0,185636.0,62477.0,59608,1499.0,151.0,49336.0,6976.0,357.0,1910336,141.0,7422.0,965.0,191.0,141.0,16397.0,102960,1681.0,201.0,4140.0,820.0,303548.0,80923,149375.0,286.0,2571.0,7531.0,12998.0,3488.0,2309.0,963.0,12939,8147.0,12332,4808.0,43030.0,66869.0,81291.0,9892.0,2895.0,215.0,1920.0,7825.0,188.0,6905.0,165616,6091.0,937.0,190849,27536.0,179.0,3628.0,296.0,28791.0,252.0,5531.0,1729.0,269.0,6481.0,28938.0,4030.0,1807,888690.0,75239.0,0.0,253913,80967.0,24277.0,307.0,40005.0,231388,732.0,20740,297.0,1115.0,61500.0,9638.0,4894.0,54085.0,10802.0,1116.0,2014.0,957.0,1435.0,1789.0,4707.0,7910.0,4518.0,2161.0,8254.0,2454.0,2299.0,645.0,5273.0,314.0,304897.0,19346.0,108.0,236.0,1268.0,15695.0,1181.0,294.0,862.0,17381.0,48474,1124.0,3420.0,1047.0,31970.0,8544,56146.0,250034.0,7932.0,45747.0,2702.0,321130.0,63701.0,36598.0,45069.0,9906.0,100524.0,31771.0,709701,1315.0,684.0,697.0,231209.0,7855.0,18394.0,1592.0,44195,1790.0,1790.0,2916.0,275494.0,12987,2056.0,34804196.0,2016.0,10398.0,798.0,1463.0,73911,31409,349.0,420.0,6351.0,480.0,3041.0,692.0,133.0,1213.0,205641.0,974.0,53887.0,53632.0,276749,3288079,184.0,950.0,13298.0,9562.0,346.0,490.0,1337.0,2366.0,1277.0
221,12790190,32903.0,3368.0,19559.0,798.0,457.0,97796.0,31240.0,105.0,9362,18144,24325.0,106.0,32998.0,185300.0,62341.0,59475,1496.0,151.0,49255.0,6964.0,356.0,1907095,141.0,7409.0,963.0,191.0,141.0,16367.0,102735,1677.0,201.0,4131.0,818.0,302924.0,80741,149138.0,285.0,2567.0,7520.0,12975.0,3480.0,2304.0,961.0,12911,8130.0,12304,4797.0,42952.0,66739.0,81133.0,9875.0,2888.0,215.0,1916.0,7811.0,188.0,6889.0,165261,6077.0,935.0,190431,27494.0,179.0,3620.0,295.0,28742.0,252.0,5518.0,1725.0,268.0,6466.0,28887.0,4021.0,1803,887284.0,75108.0,0.0,253409,80846.0,24222.0,306.0,39943.0,230874,730.0,20698,296.0,1113.0,61402.0,9620.0,4886.0,53980.0,10785.0,1114.0,2010.0,955.0,1432.0,1785.0,4696.0,7894.0,4510.0,2156.0,8235.0,2448.0,2294.0,644.0,5261.0,313.0,304373.0,19308.0,108.0,236.0,1265.0,15664.0,1178.0,293.0,860.0,17347.0,48365,1121.0,3413.0,1045.0,31908.0,8524,56050.0,249551.0,7922.0,45667.0,2696.0,320497.0,63614.0,36521.0,44975.0,9887.0,100312.0,31710.0,708272,1312.0,683.0,696.0,230771.0,7838.0,18359.0,1588.0,44099,1786.0,1786.0,2909.0,275102.0,12958,2051.0,36092288.0,2011.0,10376.0,796.0,1460.0,73758,31339,348.0,419.0,6337.0,479.0,3034.0,691.0,133.0,1210.0,205205.0,972.0,53784.0,53522.0,276143,3282132,184.0,948.0,13276.0,9546.0,345.0,489.0,1334.0,2361.0,1274.0
222,12766020,32831.0,3361.0,19523.0,796.0,456.0,97636.0,31178.0,105.0,9342,18104,24280.0,106.0,32934.0,184954.0,62204.0,59342,1493.0,151.0,49170.0,6951.0,355.0,1903731,141.0,7395.0,961.0,191.0,141.0,16336.0,102509,1673.0,201.0,4122.0,816.0,302293.0,80559,148890.0,284.0,2562.0,7508.0,12951.0,3472.0,2299.0,959.0,12883,8113.0,12276,4786.0,42872.0,66606.0,80972.0,9857.0,2881.0,215.0,1912.0,7796.0,188.0,6873.0,164903,6063.0,933.0,190012,27450.0,179.0,3612.0,294.0,28691.0,252.0,5505.0,1721.0,267.0,6451.0,28834.0,4012.0,1799,885809.0,74972.0,0.0,252897,80718.0,24167.0,305.0,39878.0,230359,728.0,20655,295.0,1111.0,61299.0,9602.0,4877.0,53873.0,10767.0,1112.0,2006.0,953.0,1429.0,1781.0,4685.0,7877.0,4502.0,2151.0,8216.0,2442.0,2289.0,643.0,5249.0,312.0,303830.0,19269.0,108.0,236.0,1262.0,15632.0,1175.0,292.0,858.0,17312.0,48256,1118.0,3406.0,1043.0,31845.0,8504,55950.0,249059.0,7911.0,45584.0,2690.0,319853.0,63520.0,36443.0,44880.0,9868.0,100098.0,31647.0,706823,1309.0,682.0,695.0,230323.0,7820.0,18323.0,1584.0,44002,1782.0,1782.0,2902.0,274683.0,12929,2046.0,37221720.0,2006.0,10354.0,794.0,1457.0,73603,31269,347.0,418.0,6323.0,478.0,3027.0,690.0,133.0,1207.0,204766.0,970.0,53679.0,53411.0,275535,3276016,184.0,946.0,13253.0,9529.0,344.0,488.0,1331.0,2356.0,1271.0
223,12741320,32758.0,3354.0,19486.0,794.0,455.0,97469.0,31115.0,105.0,9322,18063,24233.0,106.0,32869.0,184600.0,62067.0,59208,1490.0,151.0,49082.0,6938.0,354.0,1900260,141.0,7381.0,959.0,191.0,141.0,16304.0,102282,1669.0,201.0,4113.0,814.0,301656.0,80377,148631.0,283.0,2557.0,7495.0,12926.0,3464.0,2294.0,957.0,12855,8096.0,12248,4775.0,42790.0,66471.0,80808.0,9838.0,2874.0,215.0,1908.0,7781.0,188.0,6857.0,164544,6049.0,931.0,189592,27403.0,179.0,3604.0,293.0,28638.0,252.0,5492.0,1717.0,266.0,6436.0,28779.0,4003.0,1795,884273.0,74832.0,0.0,252378,80583.0,24112.0,304.0,39810.0,229843,726.0,20612,294.0,1109.0,61192.0,9583.0,4868.0,53764.0,10748.0,1110.0,2002.0,951.0,1426.0,1777.0,4674.0,7860.0,4493.0,2146.0,8197.0,2436.0,2284.0,642.0,5237.0,311.0,303270.0,19229.0,108.0,236.0,1259.0,15600.0,1172.0,291.0,856.0,17276.0,48147,1115.0,3399.0,1041.0,31781.0,8484,55847.0,248559.0,7899.0,45499.0,2684.0,319200.0,63420.0,36364.0,44784.0,9848.0,99883.0,31583.0,705357,1306.0,681.0,694.0,229867.0,7802.0,18286.0,1580.0,43905,1778.0,1778.0,2895.0,274241.0,12900,2041.0,38209792.0,2001.0,10332.0,792.0,1454.0,73447,31199,346.0,417.0,6309.0,477.0,3020.0,689.0,133.0,1204.0,204324.0,968.0,53572.0,53299.0,274925,3269754,184.0,944.0,13229.0,9511.0,343.0,487.0,1328.0,2351.0,1268.0
224,12716154,32685.0,3347.0,19448.0,792.0,454.0,97296.0,31051.0,105.0,9302,18022,24185.0,106.0,32803.0,184238.0,61929.0,59074,1487.0,151.0,48991.0,6924.0,353.0,1896694,141.0,7366.0,957.0,191.0,141.0,16271.0,102055,1665.0,201.0,4104.0,812.0,301014.0,80195,148363.0,282.0,2552.0,7481.0,12900.0,3456.0,2289.0,955.0,12826,8078.0,12220,4764.0,42706.0,66334.0,80642.0,9819.0,2867.0,215.0,1904.0,7765.0,188.0,6841.0,164183,6035.0,929.0,189171,27354.0,179.0,3596.0,292.0,28584.0,252.0,5479.0,1713.0,265.0,6421.0,28723.0,3994.0,1791,882684.0,74689.0,0.0,251853,80443.0,24057.0,303.0,39739.0,229327,724.0,20568,293.0,1107.0,61081.0,9564.0,4858.0,53653.0,10728.0,1108.0,1998.0,949.0,1423.0,1773.0,4663.0,7843.0,4484.0,2141.0,8178.0,2430.0,2279.0,641.0,5225.0,310.0,302696.0,19189.0,108.0,236.0,1256.0,15567.0,1169.0,290.0,854.0,17240.0,48038,1112.0,3391.0,1039.0,31716.0,8464,55741.0,248052.0,7886.0,45411.0,2678.0,318539.0,63315.0,36285.0,44687.0,9828.0,99666.0,31518.0,703877,1303.0,680.0,693.0,229403.0,7784.0,18248.0,1576.0,43807,1774.0,1774.0,2888.0,273778.0,12871,2036.0,39073564.0,1996.0,10309.0,790.0,1451.0,73289,31129,345.0,416.0,6295.0,476.0,3013.0,688.0,133.0,1201.0,203880.0,966.0,53463.0,53186.0,274314,3263363,184.0,942.0,13204.0,9493.0,342.0,486.0,1325.0,2346.0,1265.0
225,12690584,32612.0,3340.0,19409.0,790.0,453.0,97117.0,30986.0,105.0,9281,17981,24136.0,106.0,32736.0,183870.0,61791.0,58940,1484.0,151.0,48898.0,6910.0,352.0,1893046,141.0,7351.0,955.0,191.0,141.0,16238.0,101827,1661.0,201.0,4095.0,810.0,300367.0,80013,148087.0,281.0,2546.0,7467.0,12874.0,3448.0,2284.0,953.0,12797,8060.0,12192,4753.0,42620.0,66195.0,80474.0,9799.0,2860.0,215.0,1900.0,7749.0,188.0,6825.0,163821,6021.0,927.0,188749,27304.0,179.0,3588.0,291.0,28528.0,252.0,5466.0,1709.0,264.0,6406.0,28666.0,3985.0,1787,881048.0,74543.0,0.0,251323,80298.0,24002.0,302.0,39666.0,228811,722.0,20524,292.0,1105.0,60967.0,9544.0,4848.0,53541.0,10707.0,1106.0,1994.0,947.0,1420.0,1769.0,4652.0,7825.0,4475.0,2136.0,8159.0,2424.0,2274.0,640.0,5213.0,309.0,302109.0,19148.0,108.0,236.0,1253.0,15534.0,1166.0,289.0,852.0,17203.0,47929,1109.0,3383.0,1037.0,31650.0,8444,55633.0,247539.0,7872.0,45321.0,2672.0,317871.0,63205.0,36205.0,44590.0,9807.0,99448.0,31452.0,702384,1300.0,679.0,692.0,228933.0,7766.0,18210.0,1572.0,43709,1770.0,1770.0,2881.0,273297.0,12842,2031.0,39826828.0,1991.0,10286.0,788.0,1448.0,73130,31059,344.0,415.0,6281.0,475.0,3006.0,687.0,133.0,1198.0,203434.0,964.0,53353.0,53072.0,273702,3256860,184.0,940.0,13178.0,9474.0,341.0,485.0,1322.0,2341.0,1262.0
226,12664664,32539.0,3333.0,19369.0,788.0,452.0,96933.0,30920.0,105.0,9260,17940,24086.0,106.0,32668.0,183496.0,61652.0,58806,1481.0,151.0,48803.0,6895.0,351.0,1889326,141.0,7335.0,953.0,191.0,141.0,16204.0,101599,1657.0,201.0,4086.0,808.0,299717.0,79831,147804.0,280.0,2540.0,7452.0,12847.0,3440.0,2279.0,951.0,12768,8042.0,12164,4742.0,42533.0,66055.0,80304.0,9779.0,2853.0,215.0,1896.0,7732.0,188.0,6809.0,163458,6007.0,925.0,188327,27252.0,179.0,3580.0,290.0,28471.0,252.0,5453.0,1705.0,263.0,6391.0,28608.0,3976.0,1783,879371.0,74394.0,0.0,250788,80149.0,23947.0,301.0,39591.0,228295,720.0,20479,291.0,1103.0,60850.0,9524.0,4838.0,53428.0,10686.0,1104.0,1990.0,945.0,1417.0,1765.0,4641.0,7807.0,4465.0,2131.0,8140.0,2418.0,2269.0,639.0,5201.0,308.0,301511.0,19107.0,108.0,236.0,1250.0,15500.0,1163.0,288.0,850.0,17166.0,47820,1106.0,3375.0,1035.0,31583.0,8424,55523.0,247020.0,7858.0,45230.0,2666.0,317197.0,63091.0,36125.0,44492.0,9786.0,99229.0,31385.0,700881,1297.0,678.0,691.0,228457.0,7748.0,18171.0,1568.0,43611,1766.0,1766.0,2874.0,272800.0,12813,2026.0,40482280.0,1986.0,10263.0,786.0,1445.0,72970,30989,343.0,414.0,6267.0,474.0,2999.0,686.0,133.0,1195.0,202986.0,962.0,53241.0,52957.0,273089,3250260,184.0,938.0,13152.0,9455.0,340.0,484.0,1319.0,2336.0,1259.0
227,12638442,32466.0,3326.0,19329.0,786.0,451.0,96745.0,30854.0,105.0,9239,17899,24035.0,106.0,32599.0,183117.0,61513.0,58672,1478.0,151.0,48706.0,6880.0,350.0,1885543,141.0,7319.0,951.0,191.0,141.0,16170.0,101371,1653.0,201.0,4077.0,806.0,299064.0,79649,147515.0,279.0,2534.0,7437.0,12820.0,3432.0,2274.0,949.0,12739,8024.0,12136,4731.0,42445.0,65914.0,80133.0,9758.0,2846.0,215.0,1892.0,7715.0,188.0,6793.0,163094,5993.0,923.0,187904,27199.0,179.0,3572.0,289.0,28413.0,252.0,5440.0,1701.0,262.0,6376.0,28549.0,3967.0,1779,877659.0,74243.0,0.0,250250,79996.0,23892.0,300.0,39514.0,227779,718.0,20434,290.0,1101.0,60730.0,9503.0,4827.0,53314.0,10664.0,1102.0,1986.0,943.0,1414.0,1761.0,4630.0,7789.0,4455.0,2126.0,8121.0,2412.0,2264.0,638.0,5189.0,307.0,300903.0,19065.0,108.0,236.0,1247.0,15466.0,1160.0,287.0,848.0,17128.0,47711,1103.0,3367.0,1033.0,31515.0,8404,55411.0,246497.0,7843.0,45137.0,2660.0,316518.0,62974.0,36044.0,44394.0,9765.0,99009.0,31318.0,699369,1294.0,677.0,690.0,227977.0,7730.0,18132.0,1564.0,43513,1762.0,1762.0,2867.0,272289.0,12784,2021.0,41051128.0,1981.0,10240.0,784.0,1442.0,72809,30919,342.0,413.0,6253.0,473.0,2992.0,685.0,133.0,1192.0,202537.0,960.0,53128.0,52841.0,272476,3243576,184.0,936.0,13125.0,9435.0,339.0,483.0,1316.0,2331.0,1256.0
228,12611959,32393.0,3319.0,19288.0,784.0,450.0,96553.0,30787.0,105.0,9218,17858,23984.0,106.0,32529.0,182734.0,61374.0,58538,1475.0,151.0,48607.0,6865.0,349.0,1881706,141.0,7303.0,949.0,191.0,141.0,16135.0,101142,1649.0,201.0,4068.0,804.0,298408.0,79467,147221.0,278.0,2528.0,7421.0,12792.0,3424.0,2269.0,947.0,12710,8006.0,12108,4720.0,42356.0,65772.0,79960.0,9737.0,2839.0,215.0,1888.0,7698.0,188.0,6777.0,162730,5979.0,921.0,187481,27145.0,179.0,3564.0,288.0,28354.0,252.0,5427.0,1697.0,261.0,6361.0,28489.0,3958.0,1775,875916.0,74090.0,0.0,249708,79840.0,23837.0,299.0,39435.0,227263,716.0,20389,289.0,1099.0,60608.0,9482.0,4816.0,53199.0,10642.0,1100.0,1982.0,941.0,1411.0,1757.0,4619.0,7771.0,4445.0,2121.0,8102.0,2406.0,2259.0,637.0,5177.0,306.0,300287.0,19023.0,108.0,236.0,1244.0,15432.0,1157.0,286.0,846.0,17090.0,47602,1100.0,3359.0,1031.0,31447.0,8384,55297.0,245970.0,7828.0,45043.0,2654.0,315835.0,62854.0,35963.0,44295.0,9743.0,98789.0,31250.0,697849,1291.0,676.0,689.0,227493.0,7712.0,18092.0,1560.0,43415,1758.0,1758.0,2860.0,271766.0,12755,2016.0,41543240.0,1976.0,10217.0,782.0,1439.0,72648,30849,341.0,412.0,6239.0,472.0,2985.0,684.0,133.0,1189.0,202087.0,958.0,53014.0,52725.0,271862,3236819,184.0,934.0,13098.0,9415.0,338.0,482.0,1313.0,2326.0,1253.0
229,12585252,32320.0,3312.0,19247.0,782.0,449.0,96358.0,30720.0,105.0,9197,17817,23932.0,106.0,32459.0,182347.0,61235.0,58404,1472.0,151.0,48507.0,6850.0,348.0,1877822,141.0,7287.0,947.0,191.0,141.0,16100.0,100913,1645.0,201.0,4059.0,802.0,297750.0,79285,146922.0,277.0,2522.0,7405.0,12764.0,3416.0,2264.0,945.0,12681,7988.0,12080,4709.0,42266.0,65629.0,79786.0,9716.0,2832.0,215.0,1884.0,7681.0,188.0,6761.0,162365,5965.0,919.0,187058,27090.0,179.0,3556.0,287.0,28294.0,252.0,5414.0,1693.0,260.0,6346.0,28428.0,3949.0,1771,874146.0,73935.0,0.0,249164,79681.0,23782.0,298.0,39355.0,226747,714.0,20343,288.0,1097.0,60484.0,9461.0,4805.0,53083.0,10619.0,1098.0,1978.0,939.0,1408.0,1753.0,4608.0,7753.0,4435.0,2116.0,8083.0,2400.0,2254.0,636.0,5165.0,305.0,299664.0,18981.0,108.0,236.0,1241.0,15397.0,1154.0,285.0,844.0,17052.0,47493,1097.0,3351.0,1029.0,31378.0,8364,55182.0,245440.0,7812.0,44948.0,2648.0,315148.0,62731.0,35882.0,44196.0,9721.0,98568.0,31182.0,696323,1288.0,675.0,688.0,227005.0,7694.0,18052.0,1556.0,43317,1754.0,1754.0,2853.0,271232.0,12726,2011.0,41967404.0,1971.0,10194.0,780.0,1436.0,72486,30779,340.0,411.0,6225.0,471.0,2978.0,683.0,133.0,1186.0,201636.0,956.0,52899.0,52608.0,271248,3230000,184.0,932.0,13070.0,9395.0,337.0,481.0,1310.0,2321.0,1250.0
230,12558354,32247.0,3305.0,19205.0,780.0,448.0,96160.0,30652.0,105.0,9176,17776,23880.0,106.0,32388.0,181957.0,61096.0,58270,1469.0,151.0,48406.0,6835.0,347.0,1873897,141.0,7271.0,945.0,191.0,141.0,16065.0,100684,1641.0,201.0,4050.0,800.0,297090.0,79103,146619.0,276.0,2516.0,7389.0,12736.0,3408.0,2259.0,943.0,12652,7970.0,12052,4698.0,42175.0,65485.0,79611.0,9694.0,2825.0,215.0,1880.0,7664.0,188.0,6745.0,162000,5951.0,917.0,186635,27034.0,179.0,3548.0,286.0,28234.0,252.0,5401.0,1689.0,259.0,6331.0,28367.0,3940.0,1767,872353.0,73779.0,0.0,248618,79519.0,23727.0,297.0,39274.0,226232,712.0,20297,287.0,1095.0,60358.0,9440.0,4794.0,52967.0,10596.0,1096.0,1974.0,937.0,1405.0,1749.0,4597.0,7735.0,4425.0,2111.0,8064.0,2394.0,2249.0,635.0,5153.0,304.0,299035.0,18938.0,108.0,236.0,1238.0,15362.0,1151.0,284.0,842.0,17014.0,47384,1094.0,3343.0,1027.0,31309.0,8344,55065.0,244907.0,7796.0,44852.0,2642.0,314458.0,62606.0,35801.0,44097.0,9699.0,98347.0,31113.0,694792,1285.0,674.0,687.0,226514.0,7676.0,18012.0,1552.0,43219,1750.0,1750.0,2846.0,270689.0,12697,2006.0,42331388.0,1966.0,10171.0,778.0,1433.0,72324,30709,339.0,410.0,6211.0,470.0,2971.0,682.0,133.0,1183.0,201184.0,954.0,52783.0,52491.0,270634,3223128,184.0,930.0,13042.0,9374.0,336.0,480.0,1307.0,2316.0,1247.0
231,12531294,32174.0,3298.0,19163.0,778.0,447.0,95960.0,30584.0,105.0,9155,17735,23827.0,106.0,32317.0,181565.0,60957.0,58136,1466.0,151.0,48304.0,6820.0,346.0,1869938,141.0,7255.0,943.0,191.0,141.0,16029.0,100455,1637.0,201.0,4041.0,798.0,296429.0,78921,146313.0,275.0,2510.0,7372.0,12707.0,3400.0,2254.0,941.0,12623,7952.0,12024,4687.0,42083.0,65341.0,79435.0,9672.0,2818.0,215.0,1876.0,7647.0,188.0,6729.0,161635,5937.0,915.0,186212,26977.0,179.0,3540.0,285.0,28173.0,252.0,5388.0,1685.0,258.0,6316.0,28305.0,3931.0,1763,870540.0,73621.0,0.0,248070,79355.0,23672.0,296.0,39192.0,225717,710.0,20251,286.0,1093.0,60231.0,9419.0,4783.0,52850.0,10573.0,1094.0,1970.0,935.0,1402.0,1745.0,4586.0,7717.0,4415.0,2106.0,8045.0,2388.0,2244.0,634.0,5141.0,303.0,298400.0,18895.0,108.0,236.0,1235.0,15327.0,1148.0,283.0,840.0,16976.0,47275,1091.0,3335.0,1025.0,31239.0,8324,54947.0,244372.0,7779.0,44755.0,2636.0,313766.0,62479.0,35720.0,43998.0,9677.0,98126.0,31044.0,693257,1282.0,673.0,686.0,226021.0,7658.0,17972.0,1548.0,43121,1746.0,1746.0,2839.0,270138.0,12668,2001.0,42642080.0,1961.0,10148.0,776.0,1430.0,72162,30639,338.0,409.0,6197.0,469.0,2964.0,681.0,133.0,1180.0,200732.0,952.0,52667.0,52373.0,270020,3216210,184.0,928.0,13013.0,9353.0,335.0,479.0,1304.0,2311.0,1244.0
232,12504099,32101.0,3291.0,19121.0,776.0,446.0,95758.0,30516.0,105.0,9134,17694,23774.0,106.0,32245.0,181171.0,60818.0,58002,1463.0,151.0,48201.0,6805.0,345.0,1865949,141.0,7239.0,941.0,191.0,141.0,15993.0,100226,1633.0,201.0,4032.0,796.0,295767.0,78739,146004.0,274.0,2504.0,7355.0,12678.0,3392.0,2249.0,939.0,12594,7934.0,11996,4676.0,41991.0,65196.0,79259.0,9650.0,2811.0,215.0,1872.0,7630.0,188.0,6713.0,161270,5923.0,913.0,185789,26920.0,179.0,3532.0,284.0,28112.0,252.0,5375.0,1681.0,257.0,6301.0,28243.0,3922.0,1759,868709.0,73462.0,0.0,247521,79189.0,23617.0,295.0,39109.0,225203,708.0,20205,285.0,1091.0,60103.0,9398.0,4772.0,52733.0,10549.0,1092.0,1966.0,933.0,1399.0,1741.0,4575.0,7699.0,4405.0,2101.0,8026.0,2382.0,2239.0,633.0,5129.0,302.0,297761.0,18852.0,108.0,236.0,1232.0,15292.0,1145.0,282.0,838.0,16938.0,47166,1088.0,3327.0,1023.0,31169.0,8304,54828.0,243835.0,7762.0,44657.0,2630.0,313072.0,62350.0,35639.0,43899.0,9655.0,97905.0,30975.0,691719,1279.0,672.0,685.0,225526.0,7640.0,17932.0,1544.0,43023,1742.0,1742.0,2832.0,269580.0,12639,1996.0,42905580.0,1956.0,10125.0,774.0,1427.0,71999,30569,337.0,408.0,6183.0,468.0,2957.0,680.0,133.0,1177.0,200280.0,950.0,52550.0,52255.0,269407,3209254,184.0,926.0,12984.0,9332.0,334.0,478.0,1301.0,2306.0,1241.0
233,12476792,32028.0,3284.0,19078.0,774.0,445.0,95554.0,30447.0,105.0,9113,17653,23721.0,106.0,32173.0,180775.0,60679.0,57868,1460.0,151.0,48097.0,6790.0,344.0,1861935,141.0,7223.0,939.0,191.0,141.0,15957.0,99997,1629.0,201.0,4023.0,794.0,295104.0,78558,145692.0,273.0,2498.0,7338.0,12649.0,3384.0,2244.0,937.0,12565,7916.0,11968,4665.0,41898.0,65051.0,79082.0,9628.0,2804.0,215.0,1868.0,7613.0,188.0,6697.0,160905,5909.0,911.0,185366,26862.0,179.0,3524.0,283.0,28050.0,252.0,5362.0,1677.0,256.0,6286.0,28180.0,3913.0,1755,866863.0,73302.0,0.0,246971,79021.0,23562.0,294.0,39025.0,224689,706.0,20159,284.0,1089.0,59974.0,9377.0,4761.0,52615.0,10525.0,1090.0,1962.0,931.0,1396.0,1737.0,4564.0,7681.0,4395.0,2096.0,8007.0,2376.0,2234.0,632.0,5117.0,301.0,297118.0,18809.0,108.0,236.0,1229.0,15257.0,1142.0,281.0,836.0,16900.0,47057,1085.0,3319.0,1021.0,31099.0,8284,54708.0,243296.0,7745.0,44559.0,2624.0,312376.0,62220.0,35558.0,43800.0,9633.0,97684.0,30905.0,690178,1276.0,671.0,684.0,225029.0,7622.0,17892.0,1540.0,42925,1738.0,1738.0,2825.0,269016.0,12610,1991.0,43127304.0,1951.0,10102.0,772.0,1424.0,71836,30499,336.0,407.0,6169.0,467.0,2950.0,679.0,133.0,1174.0,199828.0,948.0,52433.0,52137.0,268794,3202266,184.0,924.0,12955.0,9311.0,333.0,477.0,1298.0,2301.0,1238.0
234,12449390,31955.0,3277.0,19035.0,772.0,444.0,95349.0,30378.0,105.0,9092,17612,23668.0,106.0,32101.0,180378.0,60540.0,57734,1457.0,151.0,47992.0,6775.0,343.0,1857900,141.0,7207.0,937.0,191.0,141.0,15921.0,99768,1625.0,201.0,4014.0,792.0,294441.0,78377,145378.0,272.0,2492.0,7321.0,12620.0,3376.0,2239.0,935.0,12536,7898.0,11940,4654.0,41805.0,64905.0,78905.0,9606.0,2797.0,215.0,1864.0,7596.0,188.0,6681.0,160540,5895.0,909.0,184944,26804.0,179.0,3516.0,282.0,27988.0,252.0,5349.0,1673.0,255.0,6271.0,28117.0,3904.0,1751,865005.0,73141.0,0.0,246420,78852.0,23507.0,293.0,38940.0,224176,704.0,20113,283.0,1087.0,59844.0,9356.0,4750.0,52497.0,10501.0,1088.0,1958.0,929.0,1393.0,1733.0,4553.0,7663.0,4385.0,2091.0,7988.0,2370.0,2229.0,631.0,5105.0,300.0,296472.0,18766.0,108.0,236.0,1226.0,15222.0,1139.0,280.0,834.0,16862.0,46948,1082.0,3311.0,1019.0,31029.0,8264,54588.0,242756.0,7728.0,44460.0,2618.0,311679.0,62088.0,35477.0,43701.0,9611.0,97463.0,30835.0,688635,1273.0,670.0,683.0,224531.0,7604.0,17852.0,1536.0,42827,1734.0,1734.0,2818.0,268447.0,12581,1986.0,43312032.0,1946.0,10079.0,770.0,1421.0,71673,30429,335.0,406.0,6155.0,466.0,2943.0,678.0,133.0,1171.0,199376.0,946.0,52316.0,52019.0,268182,3195252,184.0,922.0,12926.0,9290.0,332.0,476.0,1295.0,2296.0,1235.0
235,12421915,31882.0,3270.0,18992.0,770.0,443.0,95142.0,30309.0,105.0,9071,17571,23615.0,106.0,32029.0,179979.0,60401.0,57600,1454.0,151.0,47887.0,6760.0,342.0,1853847,141.0,7191.0,935.0,191.0,141.0,15885.0,99539,1621.0,201.0,4005.0,790.0,293778.0,78196,145062.0,271.0,2486.0,7304.0,12591.0,3368.0,2234.0,933.0,12507,7880.0,11912,4643.0,41712.0,64759.0,78728.0,9584.0,2790.0,215.0,1860.0,7579.0,188.0,6665.0,160175,5881.0,907.0,184522,26745.0,179.0,3508.0,281.0,27926.0,252.0,5336.0,1669.0,254.0,6256.0,28054.0,3895.0,1747,863136.0,72979.0,0.0,245868,78682.0,23452.0,292.0,38855.0,223664,702.0,20067,282.0,1085.0,59713.0,9335.0,4739.0,52379.0,10477.0,1086.0,1954.0,927.0,1390.0,1729.0,4542.0,7645.0,4375.0,2086.0,7969.0,2364.0,2224.0,630.0,5093.0,299.0,295823.0,18723.0,108.0,236.0,1223.0,15187.0,1136.0,279.0,832.0,16824.0,46839,1079.0,3303.0,1017.0,30959.0,8244,54467.0,242215.0,7711.0,44361.0,2612.0,310981.0,61955.0,35396.0,43602.0,9589.0,97242.0,30765.0,687091,1270.0,669.0,682.0,224032.0,7586.0,17812.0,1532.0,42729,1730.0,1730.0,2811.0,267874.0,12552,1981.0,43464012.0,1941.0,10056.0,768.0,1418.0,71510,30359,334.0,405.0,6141.0,465.0,2936.0,677.0,133.0,1168.0,198924.0,944.0,52198.0,51901.0,267571,3188216,184.0,920.0,12897.0,9269.0,331.0,475.0,1292.0,2291.0,1232.0
236,12394380,31809.0,3263.0,18949.0,768.0,442.0,94934.0,30240.0,105.0,9050,17530,23562.0,106.0,31957.0,179579.0,60262.0,57466,1451.0,151.0,47781.0,6745.0,341.0,1849779,141.0,7175.0,933.0,191.0,141.0,15849.0,99311,1617.0,201.0,3996.0,788.0,293115.0,78016,144745.0,270.0,2480.0,7287.0,12562.0,3360.0,2229.0,931.0,12478,7862.0,11884,4632.0,41618.0,64613.0,78551.0,9562.0,2783.0,215.0,1856.0,7562.0,188.0,6649.0,159810,5867.0,905.0,184101,26686.0,179.0,3500.0,280.0,27863.0,252.0,5323.0,1665.0,253.0,6241.0,27991.0,3886.0,1743,861258.0,72817.0,0.0,245316,78511.0,23397.0,291.0,38769.0,223153,700.0,20021,281.0,1083.0,59582.0,9314.0,4728.0,52261.0,10453.0,1084.0,1950.0,925.0,1387.0,1725.0,4531.0,7627.0,4365.0,2081.0,7950.0,2358.0,2219.0,629.0,5081.0,298.0,295172.0,18680.0,108.0,236.0,1220.0,15152.0,1133.0,278.0,830.0,16786.0,46730,1076.0,3295.0,1015.0,30889.0,8224,54346.0,241673.0,7694.0,44262.0,2606.0,310283.0,61821.0,35315.0,43503.0,9567.0,97021.0,30695.0,685546,1267.0,668.0,681.0,223532.0,7568.0,17772.0,1528.0,42631,1726.0,1726.0,2804.0,267297.0,12523,1976.0,43586992.0,1936.0,10033.0,766.0,1415.0,71347,30289,333.0,404.0,6127.0,464.0,2929.0,676.0,133.0,1165.0,198472.0,942.0,52080.0,51783.0,266960,3181163,184.0,918.0,12868.0,9248.0,330.0,474.0,1289.0,2286.0,1229.0
237,12366801,31736.0,3256.0,18906.0,766.0,441.0,94725.0,30171.0,105.0,9029,17489,23509.0,106.0,31885.0,179178.0,60123.0,57333,1448.0,151.0,47675.0,6730.0,340.0,1845699,141.0,7159.0,931.0,191.0,141.0,15813.0,99083,1613.0,201.0,3987.0,786.0,292452.0,77836,144426.0,269.0,2474.0,7270.0,12533.0,3352.0,2224.0,929.0,12449,7844.0,11856,4621.0,41524.0,64467.0,78374.0,9540.0,2776.0,215.0,1852.0,7545.0,188.0,6633.0,159446,5853.0,903.0,183680,26627.0,179.0,3492.0,279.0,27800.0,252.0,5310.0,1661.0,252.0,6226.0,27928.0,3877.0,1739,859373.0,72654.0,0.0,244764,78339.0,23342.0,290.0,38683.0,222643,698.0,19975,280.0,1081.0,59450.0,9293.0,4717.0,52143.0,10429.0,1082.0,1946.0,923.0,1384.0,1721.0,4520.0,7609.0,4355.0,2076.0,7931.0,2352.0,2214.0,628.0,5069.0,297.0,294519.0,18637.0,108.0,236.0,1217.0,15117.0,1130.0,277.0,828.0,16748.0,46621,1073.0,3287.0,1013.0,30819.0,8204,54224.0,241131.0,7677.0,44162.0,2600.0,309584.0,61686.0,35234.0,43404.0,9545.0,96800.0,30625.0,684001,1264.0,667.0,680.0,223031.0,7550.0,17732.0,1524.0,42533,1722.0,1722.0,2797.0,266717.0,12494,1971.0,43684316.0,1931.0,10010.0,764.0,1412.0,71184,30219,332.0,403.0,6113.0,463.0,2922.0,675.0,133.0,1162.0,198021.0,940.0,51962.0,51665.0,266350,3174097,184.0,916.0,12839.0,9227.0,329.0,473.0,1286.0,2281.0,1226.0
238,12339189,31663.0,3249.0,18863.0,764.0,440.0,94515.0,30102.0,105.0,9008,17448,23456.0,106.0,31813.0,178777.0,59984.0,57200,1445.0,151.0,47568.0,6715.0,339.0,1841610,141.0,7143.0,929.0,191.0,141.0,15777.0,98855,1609.0,201.0,3978.0,784.0,291789.0,77656,144106.0,268.0,2468.0,7253.0,12504.0,3344.0,2219.0,927.0,12420,7826.0,11828,4610.0,41430.0,64321.0,78197.0,9518.0,2769.0,215.0,1848.0,7528.0,188.0,6617.0,159082,5839.0,901.0,183260,26567.0,179.0,3484.0,278.0,27737.0,252.0,5297.0,1657.0,251.0,6211.0,27865.0,3868.0,1735,857482.0,72491.0,0.0,244212,78166.0,23287.0,289.0,38597.0,222134,696.0,19929,279.0,1079.0,59318.0,9272.0,4706.0,52025.0,10405.0,1080.0,1942.0,921.0,1381.0,1717.0,4509.0,7591.0,4345.0,2071.0,7912.0,2346.0,2209.0,627.0,5057.0,296.0,293865.0,18594.0,108.0,236.0,1214.0,15082.0,1127.0,276.0,826.0,16710.0,46512,1070.0,3279.0,1011.0,30749.0,8184,54102.0,240588.0,7660.0,44062.0,2594.0,308885.0,61550.0,35153.0,43305.0,9523.0,96579.0,30555.0,682456,1261.0,666.0,679.0,222530.0,7532.0,17692.0,1520.0,42435,1718.0,1718.0,2790.0,266134.0,12465,1966.0,43758932.0,1926.0,9987.0,762.0,1409.0,71021,30149,331.0,402.0,6099.0,462.0,2915.0,674.0,133.0,1159.0,197570.0,938.0,51844.0,51547.0,265741,3167021,184.0,914.0,12810.0,9206.0,328.0,472.0,1283.0,2276.0,1223.0
239,12311555,31590.0,3242.0,18820.0,762.0,439.0,94305.0,30033.0,105.0,8987,17407,23403.0,106.0,31741.0,178375.0,59845.0,57067,1442.0,151.0,47461.0,6700.0,338.0,1837514,141.0,7127.0,927.0,191.0,141.0,15741.0,98628,1605.0,201.0,3969.0,782.0,291127.0,77477,143785.0,267.0,2462.0,7236.0,12475.0,3336.0,2214.0,925.0,12391,7808.0,11800,4599.0,41336.0,64175.0,78020.0,9496.0,2762.0,215.0,1844.0,7511.0,188.0,6601.0,158719,5825.0,899.0,182841,26507.0,179.0,3476.0,277.0,27674.0,252.0,5284.0,1653.0,250.0,6196.0,27802.0,3859.0,1731,855586.0,72328.0,0.0,243660,77993.0,23232.0,288.0,38510.0,221626,694.0,19883,278.0,1077.0,59185.0,9251.0,4695.0,51907.0,10381.0,1078.0,1938.0,919.0,1378.0,1713.0,4498.0,7573.0,4335.0,2066.0,7893.0,2340.0,2204.0,626.0,5045.0,295.0,293210.0,18551.0,108.0,236.0,1211.0,15047.0,1124.0,275.0,824.0,16672.0,46403,1067.0,3271.0,1009.0,30679.0,8164,53980.0,240045.0,7643.0,43962.0,2588.0,308186.0,61414.0,35072.0,43206.0,9501.0,96358.0,30485.0,680912,1258.0,665.0,678.0,222029.0,7514.0,17652.0,1516.0,42337,1714.0,1714.0,2783.0,265549.0,12436,1961.0,43813452.0,1921.0,9964.0,760.0,1406.0,70858,30079,330.0,401.0,6085.0,461.0,2908.0,673.0,133.0,1156.0,197120.0,936.0,51726.0,51429.0,265133,3159938,184.0,912.0,12781.0,9185.0,327.0,471.0,1280.0,2271.0,1220.0
240,12283910,31517.0,3235.0,18777.0,760.0,438.0,94094.0,29964.0,105.0,8966,17366,23350.0,106.0,31669.0,177973.0,59706.0,56935,1439.0,151.0,47354.0,6685.0,337.0,1833412,141.0,7111.0,925.0,191.0,141.0,15705.0,98401,1601.0,201.0,3960.0,780.0,290465.0,77298,143464.0,266.0,2456.0,7219.0,12446.0,3328.0,2209.0,923.0,12362,7790.0,11772,4588.0,41242.0,64029.0,77843.0,9474.0,2755.0,215.0,1840.0,7494.0,188.0,6585.0,158356,5811.0,897.0,182422,26447.0,179.0,3468.0,276.0,27611.0,252.0,5271.0,1649.0,249.0,6181.0,27739.0,3850.0,1727,853686.0,72165.0,0.0,243108,77819.0,23177.0,287.0,38423.0,221119,692.0,19837,277.0,1075.0,59052.0,9230.0,4684.0,51789.0,10357.0,1076.0,1934.0,917.0,1375.0,1709.0,4487.0,7555.0,4325.0,2061.0,7874.0,2334.0,2199.0,625.0,5033.0,294.0,292554.0,18508.0,108.0,236.0,1208.0,15012.0,1121.0,274.0,822.0,16634.0,46295,1064.0,3263.0,1007.0,30609.0,8144,53858.0,239502.0,7626.0,43862.0,2582.0,307487.0,61277.0,34991.0,43107.0,9479.0,96137.0,30415.0,679369,1255.0,664.0,677.0,221528.0,7496.0,17612.0,1512.0,42239,1710.0,1710.0,2776.0,264962.0,12407,1956.0,43850192.0,1916.0,9941.0,758.0,1403.0,70695,30009,329.0,400.0,6071.0,460.0,2901.0,672.0,133.0,1153.0,196670.0,934.0,51608.0,51311.0,264526,3152851,184.0,910.0,12752.0,9164.0,326.0,470.0,1277.0,2266.0,1217.0
241,12256261,31444.0,3228.0,18734.0,758.0,437.0,93883.0,29895.0,105.0,8945,17325,23297.0,106.0,31597.0,177571.0,59568.0,56803,1436.0,151.0,47247.0,6670.0,336.0,1829307,141.0,7095.0,923.0,191.0,141.0,15669.0,98174,1597.0,201.0,3951.0,778.0,289804.0,77119,143142.0,265.0,2450.0,7202.0,12417.0,3320.0,2204.0,921.0,12333,7772.0,11744,4577.0,41148.0,63883.0,77666.0,9452.0,2748.0,215.0,1836.0,7477.0,188.0,6569.0,157994,5797.0,895.0,182004,26387.0,179.0,3460.0,275.0,27548.0,252.0,5258.0,1645.0,248.0,6166.0,27676.0,3841.0,1723,851783.0,72002.0,0.0,242556,77645.0,23122.0,286.0,38336.0,220613,690.0,19791,276.0,1073.0,58919.0,9209.0,4673.0,51671.0,10333.0,1074.0,1930.0,915.0,1372.0,1705.0,4476.0,7537.0,4315.0,2056.0,7855.0,2328.0,2194.0,624.0,5021.0,293.0,291897.0,18465.0,108.0,236.0,1205.0,14977.0,1118.0,273.0,820.0,16596.0,46187,1061.0,3255.0,1005.0,30539.0,8124,53736.0,238959.0,7609.0,43762.0,2576.0,306789.0,61140.0,34910.0,43008.0,9457.0,95916.0,30345.0,677827,1252.0,663.0,676.0,221027.0,7478.0,17572.0,1508.0,42141,1706.0,1706.0,2769.0,264374.0,12378,1951.0,43871208.0,1911.0,9918.0,756.0,1400.0,70532,29939,328.0,399.0,6057.0,459.0,2894.0,671.0,133.0,1150.0,196221.0,932.0,51490.0,51193.0,263920,3145762,184.0,908.0,12723.0,9143.0,325.0,469.0,1274.0,2261.0,1214.0
